id,img_x,img_y,map_lat,map_lng,map_altitude
1,915,1582,43.07110422753941,-89.40396517734956,263.6785278320312
2,703,1609,43.0713660557713,-89.40429961040729,263.2343139648438
3,727,1791,43.07109167036636,-89.40514888276218,264.470458984375
4,2201,1705,43.06948125271021,-89.40495901255454,260.5581665039062
5,2215,1540,43.06884443668451,-89.40397111892588,259.1642761230469
6,237,1688,43.07164548368594,-89.40517138516785,267.8848266601562
